{"cameraMode":{"drawMode":0,"name":"Shaded","section":"Shading Mode"},"sceneLighting":false,"audioPlay":false,"sceneViewState":{"showFog":true,"showMaterialUpdate":false,"showSkybox":false,"showFlares":true,"showImageEffects":true,"showParticleSystems":true},"in2DMode":false,"pivot":{"x":0.0,"y":0.3344467282295227,"z":-0.0394742488861084},"rotation":{"x":-0.041518352925777438,"y":0.6995269656181336,"z":-0.040764644742012027,"w":-0.7122637629508972},"size":0.769923985004425,"orthographic":false}