{"cameraMode":{"drawMode":0,"name":"Shaded","section":"Shading Mode"},"sceneLighting":true,"audioPlay":false,"sceneViewState":{"showFog":true,"showMaterialUpdate":false,"showSkybox":true,"showFlares":true,"showImageEffects":true,"showParticleSystems":true},"in2DMode":false,"pivot":{"x":-0.6391032934188843,"y":-0.017271041870117189,"z":1.0917854309082032},"rotation":{"x":-0.0886717289686203,"y":-0.021814579144120218,"z":0.0019423747435212136,"w":-0.9958212375640869},"size":2.280785322189331,"orthographic":false}