{"cameraMode":{"drawMode":0,"name":"Shaded","section":"Shading Mode"},"sceneLighting":true,"audioPlay":false,"sceneViewState":{"showFog":true,"showMaterialUpdate":false,"showSkybox":true,"showFlares":true,"showImageEffects":true,"showParticleSystems":true},"in2DMode":false,"pivot":{"x":-199.02972412109376,"y":-139.499267578125,"z":633.0498046875},"rotation":{"x":-0.35071849822998049,"y":0.1264297366142273,"z":-0.047849949449300769,"w":-0.9266735315322876},"size":1942.4893798828125,"orthographic":false}