{"cameraMode":{"drawMode":0,"name":"Shaded","section":"Shading Mode"},"sceneLighting":true,"audioPlay":false,"sceneViewState":{"showFog":true,"showMaterialUpdate":false,"showSkybox":true,"showFlares":true,"showImageEffects":true,"showParticleSystems":true},"in2DMode":false,"pivot":{"x":-14.271820068359375,"y":4.753000259399414,"z":-40.80294418334961},"rotation":{"x":-0.1177573874592781,"y":-0.11329468339681626,"z":0.01354745402932167,"w":-0.9864970445632935},"size":7.972430229187012,"orthographic":false}